filename,label
00 (1).jpg,0
00 (10).jpg,0
00 (100).jpg,0
00 (101).jpg,0
00 (102).jpg,0
00 (103).jpg,0
00 (104).jpg,0
00 (105).jpg,0
00 (106).jpg,0
00 (107).jpg,0
00 (108).jpg,0
00 (109).jpg,0
00 (11).jpg,0
00 (110).jpg,0
00 (111).jpg,0
00 (112).jpg,0
00 (113).jpg,0
00 (114).jpg,0
00 (115).jpg,0
00 (116).jpg,0
00 (117).jpg,0
00 (118).jpg,0
00 (119).jpg,0
00 (12).jpg,0
00 (120).jpg,0
00 (121).jpg,0
00 (122).jpg,0
00 (123).jpg,0
00 (124).jpg,0
00 (125).jpg,0
00 (126).jpg,0
00 (127).jpg,0
00 (128).jpg,0
00 (129).jpg,0
00 (13).jpg,0
00 (130).jpg,0
00 (131).jpg,0
00 (132).jpg,0
00 (133).jpg,0
00 (134).jpg,0
00 (135).jpg,0
00 (136).jpg,0
00 (137).jpg,0
00 (138).jpg,0
00 (139).jpg,0
00 (14).jpg,0
00 (140).jpg,0
00 (141).jpg,0
00 (142).jpg,0
00 (143).jpg,0
00 (144).jpg,0
00 (145).jpg,0
00 (146).jpg,0
00 (147).jpg,0
00 (148).jpg,0
00 (149).jpg,0
00 (15).jpg,0
00 (150).jpg,0
00 (151).jpg,0
00 (152).jpg,0
00 (153).jpg,0
00 (154).jpg,0
00 (155).jpg,0
00 (156).jpg,0
00 (157).jpg,0
00 (158).jpg,0
00 (159).jpg,0
00 (16).jpg,0
00 (160).jpg,0
00 (161).jpg,0
00 (162).jpg,0
00 (163).jpg,0
00 (164).jpg,0
00 (165).jpg,0
00 (166).jpg,0
00 (167).jpg,0
00 (168).jpg,0
00 (17).jpg,0
00 (18).jpg,0
00 (19).jpg,0
00 (2).jpg,0
00 (20).jpg,0
00 (21).jpg,0
00 (22).jpg,0
00 (23).jpg,0
00 (24).jpg,0
00 (25).jpg,0
00 (26).jpg,0
00 (27).jpg,0
00 (28).jpg,0
00 (29).jpg,0
00 (3).jpg,0
00 (30).jpg,0
00 (31).jpg,0
00 (32).jpg,0
00 (33).jpg,0
00 (34).jpg,0
00 (35).jpg,0
00 (36).jpg,0
00 (37).jpg,0
00 (38).jpg,0
00 (39).jpg,0
00 (4).jpg,0
00 (40).jpg,0
00 (41).jpg,0
00 (42).jpg,0
00 (43).jpg,0
00 (44).jpg,0
00 (45).jpg,0
00 (46).jpg,0
00 (47).jpg,0
00 (48).jpg,0
00 (49).jpg,0
00 (5).jpg,0
00 (50).jpg,0
00 (51).jpg,0
00 (52).jpg,0
00 (53).jpg,0
00 (54).jpg,0
00 (55).jpg,0
00 (56).jpg,0
00 (57).jpg,0
00 (58).jpg,0
00 (59).jpg,0
00 (6).jpg,0
00 (60).jpg,0
00 (61).jpg,0
00 (62).jpg,0
00 (63).jpg,0
00 (64).jpg,0
00 (65).jpg,0
00 (66).jpg,0
00 (67).jpg,0
00 (68).jpg,0
00 (69).jpg,0
00 (7).jpg,0
00 (70).jpg,0
00 (71).jpg,0
00 (72).jpg,0
00 (73).jpg,0
00 (74).jpg,0
00 (75).jpg,0
00 (76).jpg,0
00 (77).jpg,0
00 (78).jpg,0
00 (79).jpg,0
00 (8).jpg,0
00 (80).jpg,0
00 (81).jpg,0
00 (82).jpg,0
00 (83).jpg,0
00 (84).jpg,0
00 (85).jpg,0
00 (86).jpg,0
00 (87).jpg,0
00 (88).jpg,0
00 (89).jpg,0
00 (9).jpg,0
00 (90).jpg,0
00 (91).jpg,0
00 (92).jpg,0
00 (93).jpg,0
00 (94).jpg,0
00 (95).jpg,0
00 (96).jpg,0
00 (97).jpg,0
00 (98).jpg,0
00 (99).jpg,0
1 (1).jpg,1
1 (10).jpg,1
1 (100).jpg,1
1 (101).jpg,1
1 (102).jpg,1
1 (103).jpg,1
1 (104).jpg,1
1 (105).jpg,1
1 (106).jpg,1
1 (107).jpg,1
1 (108).jpg,1
1 (109).jpg,1
1 (11).jpg,1
1 (110).jpg,1
1 (111).jpg,1
1 (112).jpg,1
1 (113).jpg,1
1 (114).jpg,1
1 (115).jpg,1
1 (116).jpg,1
1 (117).jpg,1
1 (118).jpg,1
1 (119).jpg,1
1 (12).jpg,1
1 (120).jpg,1
1 (121).jpg,1
1 (122).jpg,1
1 (123).jpg,1
1 (124).jpg,1
1 (125).jpg,1
1 (126).jpg,1
1 (127).jpg,1
1 (128).jpg,1
1 (129).jpg,1
1 (13).jpg,1
1 (130).jpg,1
1 (131).jpg,1
1 (132).jpg,1
1 (133).jpg,1
1 (134).jpg,1
1 (135).jpg,1
1 (136).jpg,1
1 (137).jpg,1
1 (138).jpg,1
1 (139).jpg,1
1 (14).jpg,1
1 (140).jpg,1
1 (141).jpg,1
1 (142).jpg,1
1 (143).jpg,1
1 (144).jpg,1
1 (145).jpg,1
1 (146).jpg,1
1 (147).jpg,1
1 (148).jpg,1
1 (149).jpg,1
1 (15).jpg,1
1 (150).jpg,1
1 (151).jpg,1
1 (152).jpg,1
1 (153).jpg,1
1 (154).jpg,1
1 (155).jpg,1
1 (156).jpg,1
1 (157).jpg,1
1 (158).jpg,1
1 (159).jpg,1
1 (16).jpg,1
1 (160).jpg,1
1 (161).jpg,1
1 (162).jpg,1
1 (163).jpg,1
1 (164).jpg,1
1 (165).jpg,1
1 (166).jpg,1
1 (167).jpg,1
1 (168).jpg,1
1 (17).jpg,1
1 (18).jpg,1
1 (19).jpg,1
1 (2).jpg,1
1 (20).jpg,1
1 (21).jpg,1
1 (22).jpg,1
1 (23).jpg,1
1 (24).jpg,1
1 (25).jpg,1
1 (26).jpg,1
1 (27).jpg,1
1 (28).jpg,1
1 (29).jpg,1
1 (3).jpg,1
1 (30).jpg,1
1 (31).jpg,1
1 (32).jpg,1
1 (33).jpg,1
1 (34).jpg,1
1 (35).jpg,1
1 (36).jpg,1
1 (37).jpg,1
1 (38).jpg,1
1 (39).jpg,1
1 (4).jpg,1
1 (40).jpg,1
1 (41).jpg,1
1 (42).jpg,1
1 (43).jpg,1
1 (44).jpg,1
1 (45).jpg,1
1 (46).jpg,1
1 (47).jpg,1
1 (48).jpg,1
1 (49).jpg,1
1 (5).jpg,1
1 (50).jpg,1
1 (51).jpg,1
1 (52).jpg,1
1 (53).jpg,1
1 (54).jpg,1
1 (55).jpg,1
1 (56).jpg,1
1 (57).jpg,1
1 (58).jpg,1
1 (59).jpg,1
1 (6).jpg,1
1 (60).jpg,1
1 (61).jpg,1
1 (62).jpg,1
1 (63).jpg,1
1 (64).jpg,1
1 (65).jpg,1
1 (66).jpg,1
1 (67).jpg,1
1 (68).jpg,1
1 (69).jpg,1
1 (7).jpg,1
1 (70).jpg,1
1 (71).jpg,1
1 (72).jpg,1
1 (73).jpg,1
1 (74).jpg,1
1 (75).jpg,1
1 (76).jpg,1
1 (77).jpg,1
1 (78).jpg,1
1 (79).jpg,1
1 (8).jpg,1
1 (80).jpg,1
1 (81).jpg,1
1 (82).jpg,1
1 (83).jpg,1
1 (84).jpg,1
1 (85).jpg,1
1 (86).jpg,1
1 (87).jpg,1
1 (88).jpg,1
1 (89).jpg,1
1 (9).jpg,1
1 (90).jpg,1
1 (91).jpg,1
1 (92).jpg,1
1 (93).jpg,1
1 (94).jpg,1
1 (95).jpg,1
1 (96).jpg,1
1 (97).jpg,1
1 (98).jpg,1
1 (99).jpg,1
